[{
	"Title": "发射点发射得分",
	"Price": 3.20,
	"WapPrice": 1.80,
	"ShowNumber": 5,
	"Stock": 10000,
	"IsAuto": true,
	"TypeName": "芒果TV周卡",
	"MealID": 142,
	"Image": "/Uploads/Meal/af7c15a8-edd8-4563-9876-6c001b2e41b6.jpg",
	"Remark": "打发的发"
},{
	"Title": "发射点发射得分",
	"Price": 3.20,
	"WapPrice": 1.80,
	"ShowNumber": 5,
	"Stock": 10000,
	"IsAuto": true,
	"TypeName": "芒果TV周卡",
	"MealID": 143,
	"Image": "/Uploads/Meal/af7c15a8-edd8-4563-9876-6c001b2e41b6.jpg",
	"Remark": "打发的发"
},{
	"Title": "发射点发射得分",
	"Price": 3.20,
	"WapPrice": 1.80,
	"ShowNumber": 5,
	"Stock": 10000,
	"IsAuto": true,
	"TypeName": "芒果TV周卡",
	"MealID": 144,
	"Image": "/Uploads/Meal/af7c15a8-edd8-4563-9876-6c001b2e41b6.jpg",
	"Remark": "打发的发"
},{
	"Title": "发射点发射得分",
	"Price": 3.20,
	"WapPrice": 1.80,
	"ShowNumber": 5,
	"Stock": 10000,
	"IsAuto": true,
	"TypeName": "芒果TV周卡",
	"MealID": 145,
	"Image": "/Uploads/Meal/af7c15a8-edd8-4563-9876-6c001b2e41b6.jpg",
	"Remark": "打发的发"
},{
	"Title": "发射点发射得分",
	"Price": 3.20,
	"WapPrice": 1.80,
	"ShowNumber": 5,
	"Stock": 10000,
	"IsAuto": true,
	"TypeName": "芒果TV周卡",
	"MealID": 146,
	"Image": "/Uploads/Meal/af7c15a8-edd8-4563-9876-6c001b2e41b6.jpg",
	"Remark": "打发的发"
}]